basetime,city_id,NO2,O3,PM10,PM2.5
2023-01-01,AQ001,9.56,56.59,17.12,9.89
2023-01-01,AQ002,22.76,36.96,32.71,26.57
2023-01-01,AQ003,21.56,30.63,30.92,17.71
2023-01-01,AQ004,30.18,18.38,36.77,27.56
2023-01-01,AQ005,33.51,17.22,51.28,34.18
2023-01-01,AQ006,11.45,45.28,16.36,10.49
2023-01-01,AQ007,9.78,34.22,8.35,5.78
2023-01-01,AQ008,3.50,73.20,16.29,6.77
2023-01-01,AQ009,11.30,19.91,24.23,21.06
2023-01-01,AQ010,6.95,51.29,11.55,6.26
2023-01-01,AQ011,20.32,22.89,37.54,30.07
2023-01-01,AQ012,21.85,7.49,36.46,29.27
2023-01-01,AQ013,11.81,47.97,14.23,7.73
2023-01-01,AQ014,6.91,60.15,16.11,8.83
2023-01-01,AQ015,12.27,60.61,8.28,5.82
2023-01-01,AQ016,11.29,55.56,15.63,9.92
2023-01-01,AQ017,6.81,56.58,8.20,4.11
2023-01-01,AQ018,9.07,64.71,24.47,13.69
2023-01-01,AQ019,11.02,38.48,21.45,20.79
2023-01-01,AQ020,11.44,63.41,14.47,7.77
2023-01-01,AQ021,7.09,45.28,12.13,6.86
2023-01-01,AQ022,5.06,64.51,16.54,8.54
2023-01-01,AQ023,24.34,22.64,26.60,15.43
2023-01-01,AQ024,5.98,61.65,21.29,11.51
2023-01-01,AQ025,35.02,0.62,45.12,43.24
2023-01-01,AQ026,9.36,36.61,20.03,12.16
2023-01-01,AQ027,19.37,25.05,17.29,13.70
2023-01-01,AQ028,43.03,16.13,44.09,34.60
2023-01-01,AQ029,4.15,71.80,16.82,10.91
2023-01-01,AQ030,17.11,53.76,19.37,13.41
2023-01-01,AQ031,16.77,40.55,17.90,10.03
2023-01-01,AQ032,8.24,40.48,33.72,25.25
2023-01-01,AQ033,15.34,37.14,20.66,14.79
2023-01-01,AQ034,17.13,14.13,45.92,36.22
2023-01-01,AQ035,5.97,75.06,4.83,3.12
2023-01-01,AQ036,10.25,43.01,9.49,7.22
2023-01-01,AQ037,27.06,20.22,34.74,27.69
2023-01-01,AQ038,7.16,45.30,33.16,31.61
2023-01-01,AQ039,25.87,14.39,81.23,68.19
2023-01-01,AQ040,22.36,20.68,42.09,32.02
2023-01-01,AQ041,12.21,37.85,8.55,5.76
2023-01-01,AQ042,10.57,51.95,10.59,5.44
2023-01-01,AQ043,16.32,37.03,32.60,26.53
2023-01-01,AQ044,31.62,5.67,49.98,49.34
2023-01-01,AQ045,19.34,29.65,16.22,12.47
2023-01-01,AQ046,14.00,56.09,16.73,11.51
2023-01-01,AQ047,28.10,7.07,38.95,30.93
2023-01-01,AQ048,5.61,51.29,13.85,8.38
2023-01-01,AQ049,9.82,43.54,17.53,13.32
2023-01-01,AQ050,9.64,43.16,14.55,12.22
2023-01-02,AQ001,15.08,49.67,9.16,5.62
2023-01-02,AQ002,34.09,33.95,43.91,34.83
2023-01-02,AQ003,34.14,26.36,33.56,18.90
2023-01-02,AQ004,48.54,19.06,47.41,36.44
2023-01-02,AQ005,38.57,9.85,63.43,45.39
2023-01-02,AQ006,12.97,43.78,12.00,7.82
2023-01-02,AQ007,9.44,39.96,10.20,6.70
2023-01-02,AQ008,5.88,60.15,8.60,5.60
2023-01-02,AQ009,13.47,16.10,20.58,15.82
2023-01-02,AQ010,11.96,51.17,7.98,5.12
2023-01-02,AQ011,23.57,23.10,38.73,33.08
2023-01-02,AQ012,24.48,6.23,31.79,27.99
2023-01-02,AQ013,17.34,47.70,11.54,6.97
2023-01-02,AQ014,11.98,46.03,8.15,5.68
2023-01-02,AQ015,15.52,49.53,12.24,8.71
2023-01-02,AQ016,15.71,46.95,8.77,5.64
2023-01-02,AQ017,17.65,50.42,7.40,3.88
2023-01-02,AQ018,27.81,34.04,15.07,10.77
2023-01-02,AQ019,10.78,39.51,18.37,17.03
2023-01-02,AQ020,30.16,37.32,11.87,9.05
2023-01-02,AQ021,7.72,55.65,11.78,6.55
2023-01-02,AQ022,12.00,56.47,18.29,9.08
2023-01-02,AQ023,32.73,26.68,16.83,9.34
2023-01-02,AQ024,9.82,56.31,18.95,11.34
2023-01-02,AQ025,41.33,0.35,45.87,42.45
2023-01-02,AQ026,8.13,48.64,18.44,10.89
2023-01-02,AQ027,24.69,22.55,12.97,9.21
2023-01-02,AQ028,38.03,21.30,37.98,31.16
2023-01-02,AQ029,5.23,71.72,15.46,9.34
2023-01-02,AQ030,15.95,59.11,10.55,6.64
2023-01-02,AQ031,26.17,45.28,9.20,5.62
2023-01-02,AQ032,9.80,35.00,33.73,27.32
2023-01-02,AQ033,19.87,18.51,23.08,17.56
2023-01-02,AQ034,19.58,15.32,40.65,31.34
2023-01-02,AQ035,4.34,74.02,6.34,2.65
2023-01-02,AQ036,12.92,38.53,14.05,10.95
2023-01-02,AQ037,26.60,22.47,29.41,24.19
2023-01-02,AQ038,7.25,46.24,32.20,29.11
2023-01-02,AQ039,30.36,11.74,87.19,70.92
2023-01-02,AQ040,24.36,18.23,52.06,36.85
2023-01-02,AQ041,12.99,41.03,6.94,4.82
2023-01-02,AQ042,12.64,52.14,7.33,4.23
2023-01-02,AQ043,17.02,35.77,30.20,24.25
2023-01-02,AQ044,37.09,5.30,59.76,60.77
2023-01-02,AQ045,34.71,14.20,25.80,19.77
2023-01-02,AQ046,8.87,66.97,10.93,6.84
2023-01-02,AQ047,22.26,9.81,22.71,18.26
2023-01-02,AQ048,14.07,38.96,17.27,12.40
2023-01-02,AQ049,22.95,23.48,28.53,23.09
2023-01-02,AQ050,8.74,47.95,15.15,11.76
2023-01-03,AQ001,23.91,34.80,13.99,9.86
2023-01-03,AQ002,42.54,24.71,59.45,47.26
2023-01-03,AQ003,44.21,19.53,39.04,21.06
2023-01-03,AQ004,35.15,20.49,41.15,32.54
2023-01-03,AQ005,23.32,17.37,47.24,37.40
2023-01-03,AQ006,22.69,38.24,13.52,9.89
2023-01-03,AQ007,15.21,37.59,7.87,6.51
2023-01-03,AQ008,6.31,62.95,12.43,5.03
2023-01-03,AQ009,17.24,12.78,15.74,11.58
2023-01-03,AQ010,13.96,45.48,9.74,6.12
2023-01-03,AQ011,30.70,18.55,49.79,42.05
2023-01-03,AQ012,20.15,14.95,24.66,24.20
2023-01-03,AQ013,20.24,45.41,8.93,5.33
2023-01-03,AQ014,10.73,58.96,10.02,5.19
2023-01-03,AQ015,6.86,69.86,5.29,2.87
2023-01-03,AQ016,25.13,36.25,13.10,7.15
2023-01-03,AQ017,14.39,52.41,7.00,4.23
2023-01-03,AQ018,28.26,35.98,16.79,12.74
2023-01-03,AQ019,23.73,25.86,33.53,37.90
2023-01-03,AQ020,19.03,51.23,9.70,6.50
2023-01-03,AQ021,9.20,53.08,7.82,5.15
2023-01-03,AQ022,26.18,26.76,12.80,9.07
2023-01-03,AQ023,35.14,18.99,17.00,10.32
2023-01-03,AQ024,23.93,24.78,22.51,16.57
2023-01-03,AQ025,28.78,1.01,44.53,42.73
2023-01-03,AQ026,14.04,42.18,17.96,12.27
2023-01-03,AQ027,27.47,36.34,9.12,7.97
2023-01-03,AQ028,41.89,21.73,34.58,28.72
2023-01-03,AQ029,6.28,69.53,12.08,7.79
2023-01-03,AQ030,44.78,35.15,27.51,20.61
2023-01-03,AQ031,23.00,40.41,12.83,7.48
2023-01-03,AQ032,9.79,35.02,32.20,27.54
2023-01-03,AQ033,23.17,40.72,14.66,11.97
2023-01-03,AQ034,18.15,13.99,43.03,35.42
2023-01-03,AQ035,3.91,80.43,7.45,2.90
2023-01-03,AQ036,4.01,61.72,6.44,3.38
2023-01-03,AQ037,27.79,13.99,26.76,22.62
2023-01-03,AQ038,11.20,42.83,42.62,37.11
2023-01-03,AQ039,28.44,13.92,73.97,56.24
2023-01-03,AQ040,25.33,22.43,31.56,20.41
2023-01-03,AQ041,6.97,62.83,4.81,3.01
2023-01-03,AQ042,13.18,55.75,5.39,4.14
2023-01-03,AQ043,18.80,34.90,34.56,26.92
2023-01-03,AQ044,34.16,4.39,66.24,62.38
2023-01-03,AQ045,28.45,14.99,27.06,21.56
2023-01-03,AQ046,13.65,63.32,11.53,6.80
2023-01-03,AQ047,26.02,12.64,16.55,13.11
2023-01-03,AQ048,5.95,63.19,8.80,5.27
2023-01-03,AQ049,14.70,47.82,17.04,12.87
2023-01-03,AQ050,15.29,32.00,20.74,19.00
2023-01-04,AQ001,9.42,62.63,11.39,5.65
2023-01-04,AQ002,44.35,19.36,71.83,56.68
2023-01-04,AQ003,37.43,21.29,39.23,20.84
2023-01-04,AQ004,32.22,18.95,34.86,29.27
2023-01-04,AQ005,25.15,12.88,41.02,36.59
2023-01-04,AQ006,12.38,44.94,6.88,5.43
2023-01-04,AQ007,9.02,38.64,6.91,5.01
2023-01-04,AQ008,3.30,63.13,12.87,5.59
2023-01-04,AQ009,20.72,18.70,18.50,14.18
2023-01-04,AQ010,7.96,59.64,7.50,3.99
2023-01-04,AQ011,31.63,15.27,41.85,34.76
2023-01-04,AQ012,24.70,22.47,21.43,21.63
2023-01-04,AQ013,9.35,60.21,6.78,3.63
2023-01-04,AQ014,9.36,52.36,7.31,4.66
2023-01-04,AQ015,5.84,64.82,12.66,7.13
2023-01-04,AQ016,13.54,55.96,5.92,3.20
2023-01-04,AQ017,12.71,51.18,6.43,4.02
2023-01-04,AQ018,21.66,33.86,14.66,11.91
2023-01-04,AQ019,23.06,27.07,29.25,30.29
2023-01-04,AQ020,9.89,63.37,10.87,6.51
2023-01-04,AQ021,4.85,57.61,4.81,3.04
2023-01-04,AQ022,34.83,3.44,28.59,20.41
2023-01-04,AQ023,41.69,16.27,20.90,11.56
2023-01-04,AQ024,23.08,18.08,19.88,16.76
2023-01-04,AQ025,29.48,2.40,52.29,47.13
2023-01-04,AQ026,15.19,37.46,18.66,11.96
2023-01-04,AQ027,12.43,43.21,5.28,4.57
2023-01-04,AQ028,41.16,21.10,32.99,28.46
2023-01-04,AQ029,6.15,70.75,12.40,9.58
2023-01-04,AQ030,8.66,61.85,5.68,4.58
2023-01-04,AQ031,13.26,54.83,5.75,3.39
2023-01-04,AQ032,8.80,34.79,22.19,18.53
2023-01-04,AQ033,14.56,41.18,11.88,8.82
2023-01-04,AQ034,14.26,19.27,29.86,26.03
2023-01-04,AQ035,14.34,65.45,8.73,4.67
2023-01-04,AQ036,7.59,63.93,9.91,6.80
2023-01-04,AQ037,26.90,9.71,26.61,23.61
2023-01-04,AQ038,8.30,41.23,37.35,32.40
2023-01-04,AQ039,21.30,17.41,46.37,32.81
2023-01-04,AQ040,17.53,30.29,37.37,29.52
2023-01-04,AQ041,10.53,58.56,5.60,3.67
2023-01-04,AQ042,9.78,59.23,4.79,3.68
2023-01-04,AQ043,18.21,33.61,26.12,23.73
2023-01-04,AQ044,29.51,9.59,61.43,55.48
2023-01-04,AQ045,24.98,19.09,24.06,20.39
2023-01-04,AQ046,15.69,55.57,12.11,7.89
2023-01-04,AQ047,29.60,17.85,17.94,14.57
2023-01-04,AQ048,8.08,62.20,9.22,6.66
2023-01-04,AQ049,22.90,33.27,28.11,22.91
2023-01-04,AQ050,15.60,26.53,22.30,20.55
2023-01-05,AQ001,15.20,46.65,19.69,9.37
2023-01-05,AQ002,31.96,22.22,55.50,44.80
2023-01-05,AQ003,32.67,26.68,40.21,24.42
2023-01-05,AQ004,36.23,19.26,31.74,24.40
2023-01-05,AQ005,25.91,21.96,37.26,27.43
2023-01-05,AQ006,8.94,54.59,4.88,3.45
2023-01-05,AQ007,9.38,45.19,4.76,3.33
2023-01-05,AQ008,6.77,50.32,15.01,7.19
2023-01-05,AQ009,7.12,54.29,4.68,3.71
2023-01-05,AQ010,12.35,51.06,13.99,7.27
2023-01-05,AQ011,15.67,28.68,25.25,21.66
2023-01-05,AQ012,14.19,38.16,12.19,11.96
2023-01-05,AQ013,17.82,47.05,17.18,7.88
2023-01-05,AQ014,7.27,50.03,4.70,2.55
2023-01-05,AQ015,7.85,65.78,9.92,5.71
2023-01-05,AQ016,21.38,44.34,10.24,4.83
2023-01-05,AQ017,11.86,60.02,6.56,3.97
2023-01-05,AQ018,29.22,20.67,27.54,20.72
2023-01-05,AQ019,17.40,30.86,22.90,22.99
2023-01-05,AQ020,16.21,52.06,13.49,8.20
2023-01-05,AQ021,7.24,56.64,8.69,4.81
2023-01-05,AQ022,36.60,4.91,28.97,22.57
2023-01-05,AQ023,43.24,14.79,22.61,12.50
2023-01-05,AQ024,18.65,38.78,10.93,9.47
2023-01-05,AQ025,27.61,10.55,40.78,35.79
2023-01-05,AQ026,10.11,45.68,13.90,9.83
2023-01-05,AQ027,8.81,54.70,4.22,2.77
2023-01-05,AQ028,38.16,23.89,27.18,23.44
2023-01-05,AQ029,7.13,66.30,13.27,9.88
2023-01-05,AQ030,8.71,61.11,5.10,4.11
2023-01-05,AQ031,20.51,48.17,7.33,4.25
2023-01-05,AQ032,8.76,35.57,25.27,20.94
2023-01-05,AQ033,9.68,53.03,5.33,3.91
2023-01-05,AQ034,18.93,14.87,33.31,27.54
2023-01-05,AQ035,12.72,63.87,5.38,3.62
2023-01-05,AQ036,5.60,59.51,7.74,5.44
2023-01-05,AQ037,28.05,7.84,28.65,24.71
2023-01-05,AQ038,8.65,44.65,39.24,37.31
2023-01-05,AQ039,27.55,13.62,63.76,45.48
2023-01-05,AQ040,12.79,37.39,30.15,23.58
2023-01-05,AQ041,6.58,64.71,5.83,3.45
2023-01-05,AQ042,5.91,63.37,5.65,3.49
2023-01-05,AQ043,18.28,33.09,30.99,26.74
2023-01-05,AQ044,31.40,8.60,61.72,56.61
2023-01-05,AQ045,24.16,21.23,21.65,17.66
2023-01-05,AQ046,18.65,53.35,14.95,10.43
2023-01-05,AQ047,7.15,60.82,4.17,2.81
2023-01-05,AQ048,9.14,47.36,8.59,6.82
2023-01-05,AQ049,9.23,48.51,6.70,5.66
2023-01-05,AQ050,15.75,22.80,22.18,19.75
2023-01-06,AQ001,16.98,54.27,8.93,5.00
2023-01-06,AQ002,28.05,23.92,44.09,36.76
2023-01-06,AQ003,26.30,26.83,29.36,15.69
2023-01-06,AQ004,35.95,23.16,33.50,27.20
2023-01-06,AQ005,26.13,26.86,30.48,23.20
2023-01-06,AQ006,18.00,34.48,8.34,6.64
2023-01-06,AQ007,14.35,26.50,9.41,7.44
2023-01-06,AQ008,5.95,63.10,7.88,3.41
2023-01-06,AQ009,18.48,34.25,11.22,8.37
2023-01-06,AQ010,11.58,49.50,5.06,3.60
2023-01-06,AQ011,17.86,28.45,18.74,15.59
2023-01-06,AQ012,22.11,34.04,14.52,13.15
2023-01-06,AQ013,15.40,46.94,5.28,4.30
2023-01-06,AQ014,8.92,55.41,7.95,4.35
2023-01-06,AQ015,9.24,69.56,9.71,5.11
2023-01-06,AQ016,20.78,43.40,10.96,7.73
2023-01-06,AQ017,16.85,56.50,7.01,3.86
2023-01-06,AQ018,25.91,20.52,39.44,30.11
2023-01-06,AQ019,20.91,22.52,33.71,35.12
2023-01-06,AQ020,16.40,59.38,5.95,3.70
2023-01-06,AQ021,6.87,55.45,4.95,3.52
2023-01-06,AQ022,32.87,12.46,16.48,12.48
2023-01-06,AQ023,42.89,12.49,26.27,19.76
2023-01-06,AQ024,27.96,24.99,18.95,15.43
2023-01-06,AQ025,30.03,5.47,54.32,50.90
2023-01-06,AQ026,11.07,42.32,15.36,10.44
2023-01-06,AQ027,13.83,36.27,5.99,5.10
2023-01-06,AQ028,41.50,19.43,32.21,28.33
2023-01-06,AQ029,4.93,67.43,13.39,10.34
2023-01-06,AQ030,8.35,56.05,4.81,3.59
2023-01-06,AQ031,18.80,48.29,7.46,4.89
2023-01-06,AQ032,7.97,37.54,21.34,18.21
2023-01-06,AQ033,15.48,37.24,9.80,7.48
2023-01-06,AQ034,16.95,18.50,30.12,23.62
2023-01-06,AQ035,10.52,63.39,4.77,3.26
2023-01-06,AQ036,8.66,49.85,13.09,9.13
2023-01-06,AQ037,27.19,12.14,21.07,17.37
2023-01-06,AQ038,10.25,42.42,37.92,34.89
2023-01-06,AQ039,22.99,21.35,48.02,31.82
2023-01-06,AQ040,9.80,46.97,18.37,14.16
2023-01-06,AQ041,6.70,67.13,5.85,3.02
2023-01-06,AQ042,17.40,54.46,8.38,6.16
2023-01-06,AQ043,15.14,36.96,23.02,20.38
2023-01-06,AQ044,23.89,9.27,54.55,48.37
2023-01-06,AQ045,25.00,24.91,19.19,16.16
2023-01-06,AQ046,19.63,54.66,13.51,10.06
2023-01-06,AQ047,21.18,37.67,10.45,8.17
2023-01-06,AQ048,5.80,48.95,10.44,7.29
2023-01-06,AQ049,12.56,49.04,17.47,14.93
2023-01-06,AQ050,20.34,14.88,36.24,33.05
2023-01-07,AQ001,11.50,46.72,7.37,5.71
2023-01-07,AQ002,35.92,17.20,50.85,41.01
2023-01-07,AQ003,33.40,29.68,30.34,18.13
2023-01-07,AQ004,24.73,33.16,20.16,16.91
2023-01-07,AQ005,23.84,28.16,43.04,33.15
2023-01-07,AQ006,18.10,31.48,9.19,7.89
2023-01-07,AQ007,12.50,30.99,11.40,9.59
2023-01-07,AQ008,3.80,66.59,15.57,5.23
2023-01-07,AQ009,15.36,26.92,16.70,14.08
2023-01-07,AQ010,7.12,51.79,6.43,5.15
2023-01-07,AQ011,24.53,16.33,33.50,29.30
2023-01-07,AQ012,25.79,13.33,30.85,28.23
2023-01-07,AQ013,13.85,43.51,5.84,4.76
2023-01-07,AQ014,12.98,39.33,11.22,8.00
2023-01-07,AQ015,5.83,69.24,7.18,3.75
2023-01-07,AQ016,20.86,35.26,10.85,8.27
2023-01-07,AQ017,4.25,70.50,5.28,2.98
2023-01-07,AQ018,9.60,67.36,14.94,8.88
2023-01-07,AQ019,13.61,38.71,28.01,27.29
2023-01-07,AQ020,7.86,62.97,8.82,5.13
2023-01-07,AQ021,8.46,41.84,7.14,5.52
2023-01-07,AQ022,11.64,46.22,11.63,9.47
2023-01-07,AQ023,24.54,26.69,20.41,14.64
2023-01-07,AQ024,10.35,57.10,11.51,7.68
2023-01-07,AQ025,33.94,9.22,53.35,47.76
2023-01-07,AQ026,11.88,50.59,12.11,8.75
2023-01-07,AQ027,22.22,23.89,9.94,8.33
2023-01-07,AQ028,42.72,19.50,33.44,29.77
2023-01-07,AQ029,4.79,61.14,12.58,10.00
2023-01-07,AQ030,19.77,25.47,10.12,9.14
2023-01-07,AQ031,13.95,47.36,7.47,6.03
2023-01-07,AQ032,6.67,48.01,21.88,19.21
2023-01-07,AQ033,16.36,39.19,10.92,9.76
2023-01-07,AQ034,22.87,18.35,39.64,31.98
2023-01-07,AQ035,3.34,69.50,3.50,2.25
2023-01-07,AQ036,4.76,51.67,9.93,7.22
2023-01-07,AQ037,25.77,12.15,21.03,18.20
2023-01-07,AQ038,6.43,53.16,29.13,25.60
2023-01-07,AQ039,25.02,20.06,65.65,46.05
2023-01-07,AQ040,15.23,37.40,31.07,24.84
2023-01-07,AQ041,6.34,46.74,7.28,4.90
2023-01-07,AQ042,6.57,60.93,7.71,5.33
2023-01-07,AQ043,14.36,40.92,25.81,21.46
2023-01-07,AQ044,27.24,12.54,60.14,55.74
2023-01-07,AQ045,10.47,44.87,13.00,10.40
2023-01-07,AQ046,13.02,59.89,10.67,7.72
2023-01-07,AQ047,18.05,32.23,12.88,10.86
2023-01-07,AQ048,5.72,43.81,9.54,7.50
2023-01-07,AQ049,26.77,19.37,35.69,30.30
2023-01-07,AQ050,15.58,28.32,28.54,27.28
2023-01-08,AQ001,9.83,58.59,8.56,4.43
2023-01-08,AQ002,38.47,19.03,61.88,49.63
2023-01-08,AQ003,28.70,31.53,38.38,20.63
2023-01-08,AQ004,23.25,35.30,15.51,11.05
2023-01-08,AQ005,22.48,27.21,44.83,36.46
2023-01-08,AQ006,13.62,33.05,10.08,9.22
2023-01-08,AQ007,11.10,33.14,7.29,6.19
2023-01-08,AQ008,2.82,78.48,16.31,4.81
2023-01-08,AQ009,11.22,26.49,24.41,20.83
2023-01-08,AQ010,7.25,65.07,5.30,3.20
2023-01-08,AQ011,18.22,15.00,35.91,31.46
2023-01-08,AQ012,14.52,27.96,26.29,24.27
2023-01-08,AQ013,11.07,57.05,4.71,3.24
2023-01-08,AQ014,10.50,38.53,8.32,6.58
2023-01-08,AQ015,5.58,73.81,12.37,6.16
2023-01-08,AQ016,20.59,39.46,6.27,4.29
2023-01-08,AQ017,4.74,48.64,7.93,6.32
2023-01-08,AQ018,8.15,62.69,18.76,8.52
2023-01-08,AQ019,9.74,50.56,18.18,16.08
2023-01-08,AQ020,10.79,67.41,10.22,5.32
2023-01-08,AQ021,5.16,61.99,4.72,3.40
2023-01-08,AQ022,8.28,57.37,7.95,6.04
2023-01-08,AQ023,9.63,48.79,5.53,3.98
2023-01-08,AQ024,8.79,59.54,15.14,8.50
2023-01-08,AQ025,28.87,2.18,36.77,34.64
2023-01-08,AQ026,11.46,53.75,10.40,7.76
2023-01-08,AQ027,27.81,12.98,10.80,10.04
2023-01-08,AQ028,27.83,44.51,18.15,14.51
2023-01-08,AQ029,5.05,62.53,15.70,12.44
2023-01-08,AQ030,10.87,45.04,9.48,8.30
2023-01-08,AQ031,10.56,65.51,6.68,4.01
2023-01-08,AQ032,7.25,43.09,27.45,25.17
2023-01-08,AQ033,11.90,30.74,14.38,12.82
2023-01-08,AQ034,17.90,22.42,34.59,29.60
2023-01-08,AQ035,1.88,63.80,3.29,2.07
2023-01-08,AQ036,6.06,39.64,16.28,11.96
2023-01-08,AQ037,19.11,36.71,16.26,13.62
2023-01-08,AQ038,4.71,53.18,20.95,18.86
2023-01-08,AQ039,27.85,21.48,79.26,56.29
2023-01-08,AQ040,15.57,36.05,36.98,29.76
2023-01-08,AQ041,6.96,36.80,7.82,8.02
2023-01-08,AQ042,5.45,45.71,9.39,7.75
2023-01-08,AQ043,11.02,52.58,20.89,17.92
2023-01-08,AQ044,22.43,7.32,42.38,39.04
2023-01-08,AQ045,6.34,61.46,6.45,5.33
2023-01-08,AQ046,12.06,60.73,9.87,7.07
2023-01-08,AQ047,18.26,20.37,27.05,23.31
2023-01-08,AQ048,6.09,37.83,16.73,11.60
2023-01-08,AQ049,12.01,32.24,27.27,23.70
2023-01-08,AQ050,7.73,48.32,13.88,12.52
2023-01-09,AQ001,13.98,57.26,10.06,5.24
2023-01-09,AQ002,26.05,33.67,33.09,26.90
2023-01-09,AQ003,31.44,30.36,40.59,19.85
2023-01-09,AQ004,15.69,58.84,11.44,7.42
2023-01-09,AQ005,13.22,39.98,20.50,17.05
2023-01-09,AQ006,22.03,29.27,12.22,9.99
2023-01-09,AQ007,4.88,70.32,2.72,1.60
2023-01-09,AQ008,4.94,65.98,11.41,5.00
2023-01-09,AQ009,11.30,41.54,8.57,7.34
2023-01-09,AQ010,12.50,57.76,7.14,4.23
2023-01-09,AQ011,22.38,18.78,27.00,22.73
2023-01-09,AQ012,23.05,24.61,19.87,18.96
2023-01-09,AQ013,16.24,56.06,6.83,4.08
2023-01-09,AQ014,16.77,37.15,9.70,7.99
2023-01-09,AQ015,6.51,69.62,13.44,6.41
2023-01-09,AQ016,26.77,35.56,10.01,7.00
2023-01-09,AQ017,6.26,39.07,10.79,8.75
2023-01-09,AQ018,28.32,38.15,24.99,15.35
2023-01-09,AQ019,18.12,55.53,12.53,13.73
2023-01-09,AQ020,18.46,51.66,10.50,5.45
2023-01-09,AQ021,5.68,66.48,5.40,3.31
2023-01-09,AQ022,18.07,53.25,6.95,3.74
2023-01-09,AQ023,21.97,47.42,8.54,5.47
2023-01-09,AQ024,8.33,66.91,7.62,4.17
2023-01-09,AQ025,28.59,15.25,21.95,18.90
2023-01-09,AQ026,6.64,67.87,5.70,2.83
2023-01-09,AQ027,12.95,54.27,5.71,4.53
2023-01-09,AQ028,7.85,76.16,13.53,6.30
2023-01-09,AQ029,6.40,62.73,19.17,15.37
2023-01-09,AQ030,14.72,39.47,8.89,7.93
2023-01-09,AQ031,14.65,63.83,9.83,5.56
2023-01-09,AQ032,6.34,53.91,13.63,13.59
2023-01-09,AQ033,18.43,29.69,14.98,12.56
2023-01-09,AQ034,12.46,33.21,20.25,16.36
2023-01-09,AQ035,1.28,70.10,3.66,2.19
2023-01-09,AQ036,6.58,35.65,17.03,13.39
2023-01-09,AQ037,9.28,61.77,10.87,6.34
2023-01-09,AQ038,4.28,56.15,10.63,9.60
2023-01-09,AQ039,20.20,27.84,48.64,29.42
2023-01-09,AQ040,12.27,42.20,25.46,20.37
2023-01-09,AQ041,13.51,21.30,9.68,9.59
2023-01-09,AQ042,6.51,36.72,12.21,10.51
2023-01-09,AQ043,5.80,62.44,10.44,8.85
2023-01-09,AQ044,19.36,28.75,23.50,20.91
2023-01-09,AQ045,12.83,51.71,6.63,4.51
2023-01-09,AQ046,5.39,75.60,15.23,7.13
2023-01-09,AQ047,18.41,38.33,11.67,9.12
2023-01-09,AQ048,6.99,35.43,13.34,10.37
2023-01-09,AQ049,21.12,15.99,32.49,29.28
2023-01-09,AQ050,8.56,57.45,9.76,8.79
2023-01-10,AQ001,17.83,45.59,14.70,7.21
2023-01-10,AQ002,17.91,46.99,22.78,18.74
2023-01-10,AQ003,13.96,55.53,14.60,6.73
2023-01-10,AQ004,27.99,42.36,21.49,14.96
2023-01-10,AQ005,14.23,34.65,10.03,9.03
2023-01-10,AQ006,18.05,42.50,11.79,8.87
2023-01-10,AQ007,8.64,60.94,4.62,2.99
2023-01-10,AQ008,4.51,64.34,15.37,5.34
2023-01-10,AQ009,7.97,54.03,5.96,5.12
2023-01-10,AQ010,14.61,46.77,10.68,5.64
2023-01-10,AQ011,18.58,27.22,19.82,17.00
2023-01-10,AQ012,13.89,40.88,10.25,9.57
2023-01-10,AQ013,15.90,51.83,13.00,5.90
2023-01-10,AQ014,12.90,47.37,13.89,9.44
2023-01-10,AQ015,5.29,69.35,6.92,3.53
2023-01-10,AQ016,21.20,42.16,14.06,7.17
2023-01-10,AQ017,9.17,37.83,9.70,7.23
2023-01-10,AQ018,26.56,29.15,26.57,19.75
2023-01-10,AQ019,17.26,50.02,13.61,14.66
2023-01-10,AQ020,15.42,52.80,11.68,6.44
2023-01-10,AQ021,7.53,56.75,10.59,6.05
2023-01-10,AQ022,26.73,35.14,14.62,7.64
2023-01-10,AQ023,39.46,17.32,19.27,12.53
2023-01-10,AQ024,10.52,64.47,8.02,4.78
2023-01-10,AQ025,31.18,40.35,14.18,11.22
2023-01-10,AQ026,12.87,64.10,5.67,3.14
2023-01-10,AQ027,14.68,50.70,6.12,4.28
2023-01-10,AQ028,21.11,50.43,12.23,9.19
2023-01-10,AQ029,7.25,65.20,13.79,10.92
2023-01-10,AQ030,20.97,21.14,12.38,11.61
2023-01-10,AQ031,23.28,40.02,11.59,6.75
2023-01-10,AQ032,6.45,49.86,9.13,8.46
2023-01-10,AQ033,18.04,43.05,12.47,9.78
2023-01-10,AQ034,12.76,30.63,11.52,9.69
2023-01-10,AQ035,4.75,57.73,4.08,2.23
2023-01-10,AQ036,11.54,23.40,19.99,16.14
2023-01-10,AQ037,17.60,30.47,11.41,8.54
2023-01-10,AQ038,6.59,48.98,9.48,8.54
2023-01-10,AQ039,18.85,24.90,22.92,17.93
2023-01-10,AQ040,13.15,36.01,18.10,15.98
2023-01-10,AQ041,9.84,36.58,6.55,5.78
2023-01-10,AQ042,8.49,34.96,11.83,9.88
2023-01-10,AQ043,12.16,53.29,11.90,9.63
2023-01-10,AQ044,24.99,42.79,20.71,17.51
2023-01-10,AQ045,28.66,37.48,12.59,8.52
2023-01-10,AQ046,3.94,79.42,15.48,3.58
2023-01-10,AQ047,7.97,55.15,6.33,4.51
2023-01-10,AQ048,7.50,46.12,9.41,7.19
2023-01-10,AQ049,25.69,14.39,38.65,33.37
2023-01-10,AQ050,8.86,53.95,6.40,6.02
2023-01-11,AQ001,11.96,59.23,13.87,6.24
2023-01-11,AQ002,11.75,54.09,15.72,12.20
2023-01-11,AQ003,30.25,31.95,21.11,9.44
2023-01-11,AQ004,33.96,20.66,27.02,19.88
2023-01-11,AQ005,18.33,26.89,15.89,14.32
2023-01-11,AQ006,16.09,40.55,7.52,5.55
2023-01-11,AQ007,9.36,50.29,4.49,2.95
2023-01-11,AQ008,3.78,71.61,12.74,4.99
2023-01-11,AQ009,17.30,41.74,9.56,7.56
2023-01-11,AQ010,10.34,55.39,9.83,4.81
2023-01-11,AQ011,12.05,33.69,15.60,11.05
2023-01-11,AQ012,24.29,29.68,20.88,18.00
2023-01-11,AQ013,16.33,48.89,8.94,4.09
2023-01-11,AQ014,10.50,50.31,10.65,5.99
2023-01-11,AQ015,5.79,78.61,10.22,4.74
2023-01-11,AQ016,20.07,46.23,8.61,4.89
2023-01-11,AQ017,8.91,48.61,6.95,4.33
2023-01-11,AQ018,15.36,58.86,13.09,7.83
2023-01-11,AQ019,33.61,30.60,39.69,37.11
2023-01-11,AQ020,11.69,64.99,11.13,6.05
2023-01-11,AQ021,6.94,57.95,6.19,3.61
2023-01-11,AQ022,34.68,11.60,22.84,15.20
2023-01-11,AQ023,30.84,17.64,14.41,9.77
2023-01-11,AQ024,19.25,43.60,12.41,8.81
2023-01-11,AQ025,61.31,3.86,48.03,40.99
2023-01-11,AQ026,14.98,51.06,10.25,5.79
2023-01-11,AQ027,13.90,49.11,5.03,3.36
2023-01-11,AQ028,38.28,27.45,21.47,17.09
2023-01-11,AQ029,4.59,68.63,10.89,8.47
2023-01-11,AQ030,10.22,54.76,10.80,7.81
2023-01-11,AQ031,16.05,56.48,11.03,5.66
2023-01-11,AQ032,7.94,35.24,11.93,10.47
2023-01-11,AQ033,18.50,36.61,11.85,8.95
2023-01-11,AQ034,14.78,17.74,9.44,8.27
2023-01-11,AQ035,7.27,55.71,4.67,2.67
2023-01-11,AQ036,8.10,39.09,15.61,11.38
2023-01-11,AQ037,29.17,12.57,19.96,16.44
2023-01-11,AQ038,10.59,43.88,26.22,23.33
2023-01-11,AQ039,18.68,19.23,21.52,15.31
2023-01-11,AQ040,15.96,25.90,18.67,15.19
2023-01-11,AQ041,5.62,52.78,5.09,3.66
2023-01-11,AQ042,6.59,46.92,6.74,4.67
2023-01-11,AQ043,14.55,31.14,14.84,13.61
2023-01-11,AQ044,42.12,10.50,51.83,46.04
2023-01-11,AQ045,20.90,32.54,13.03,8.98
2023-01-11,AQ046,6.72,73.97,10.95,2.95
2023-01-11,AQ047,33.29,28.08,15.80,10.10
2023-01-11,AQ048,8.58,40.23,16.87,11.02
2023-01-11,AQ049,23.20,25.29,30.04,24.71
2023-01-11,AQ050,17.53,36.36,20.08,16.25
2023-01-12,AQ001,10.25,67.19,11.07,5.50
2023-01-12,AQ002,22.99,37.57,25.49,21.00
2023-01-12,AQ003,24.02,30.10,20.58,10.51
2023-01-12,AQ004,30.92,30.58,23.03,16.65
2023-01-12,AQ005,27.90,14.92,51.83,42.84
2023-01-12,AQ006,10.64,52.51,6.04,4.13
2023-01-12,AQ007,6.79,58.88,5.26,3.13
2023-01-12,AQ008,3.17,74.90,11.75,4.62
2023-01-12,AQ009,18.00,33.33,13.47,11.07
2023-01-12,AQ010,7.76,60.19,5.45,3.08
2023-01-12,AQ011,20.57,20.86,22.43,19.18
2023-01-12,AQ012,28.77,12.40,37.09,31.35
2023-01-12,AQ013,8.46,64.08,5.19,2.81
2023-01-12,AQ014,10.01,58.93,7.19,4.28
2023-01-12,AQ015,4.05,79.07,13.82,6.53
2023-01-12,AQ016,15.07,56.72,5.94,3.42
2023-01-12,AQ017,9.92,36.37,5.32,3.27
2023-01-12,AQ018,24.02,47.93,19.97,12.19
2023-01-12,AQ019,34.69,23.91,48.42,44.95
2023-01-12,AQ020,10.05,67.43,9.05,5.03
2023-01-12,AQ021,4.33,64.63,6.62,3.54
2023-01-12,AQ022,35.55,9.58,23.00,15.93
2023-01-12,AQ023,40.55,9.70,18.66,11.73
2023-01-12,AQ024,18.13,51.48,11.64,7.77
2023-01-12,AQ025,63.95,3.11,74.12,64.99
2023-01-12,AQ026,17.52,44.67,12.07,7.85
2023-01-12,AQ027,9.43,61.80,5.43,3.23
2023-01-12,AQ028,35.89,29.71,21.45,18.14
2023-01-12,AQ029,4.48,68.79,10.34,7.14
2023-01-12,AQ030,24.36,39.69,17.14,13.72
2023-01-12,AQ031,11.53,63.27,9.95,5.32
2023-01-12,AQ032,9.23,33.28,20.33,16.33
2023-01-12,AQ033,12.29,51.75,7.83,5.38
2023-01-12,AQ034,12.63,16.90,12.87,10.90
2023-01-12,AQ035,6.51,59.39,4.37,2.38
2023-01-12,AQ036,8.82,37.68,14.60,11.24
2023-01-12,AQ037,27.34,14.88,20.61,18.43
2023-01-12,AQ038,12.54,37.76,40.16,38.99
2023-01-12,AQ039,17.71,20.34,22.01,16.86
2023-01-12,AQ040,15.01,22.26,16.33,15.31
2023-01-12,AQ041,7.69,51.71,6.06,5.11
2023-01-12,AQ042,7.69,38.37,5.96,4.65
2023-01-12,AQ043,15.13,31.54,18.29,17.00
2023-01-12,AQ044,44.90,9.78,55.12,51.87
2023-01-12,AQ045,20.13,33.01,11.56,7.69
2023-01-12,AQ046,9.32,64.71,11.36,4.31
2023-01-12,AQ047,20.86,47.52,11.06,7.31
2023-01-12,AQ048,7.82,37.23,15.47,13.05
2023-01-12,AQ049,21.68,29.63,23.78,20.17
2023-01-12,AQ050,19.03,25.29,28.39,24.97
2023-01-13,AQ001,8.17,68.17,17.44,7.43
2023-01-13,AQ002,28.89,32.64,36.71,30.54
2023-01-13,AQ003,24.56,35.39,20.90,11.65
2023-01-13,AQ004,36.76,26.94,31.08,22.95
2023-01-13,AQ005,22.90,25.58,40.35,30.61
2023-01-13,AQ006,10.38,60.15,4.80,3.07
2023-01-13,AQ007,5.30,65.39,3.87,2.42
2023-01-13,AQ008,2.70,73.07,15.86,4.98
2023-01-13,AQ009,21.40,18.40,21.26,18.73
2023-01-13,AQ010,9.56,65.19,13.62,6.17
2023-01-13,AQ011,23.10,14.06,32.22,27.41
2023-01-13,AQ012,23.49,14.27,26.94,23.33
2023-01-13,AQ013,13.94,63.64,10.92,4.70
2023-01-13,AQ014,7.13,63.85,10.76,5.39
2023-01-13,AQ015,6.20,71.19,11.12,4.98
2023-01-13,AQ016,12.49,65.64,8.94,4.58
2023-01-13,AQ017,13.75,38.82,5.10,3.16
2023-01-13,AQ018,40.83,23.84,32.76,24.11
2023-01-13,AQ019,29.84,32.92,43.21,33.98
2023-01-13,AQ020,13.45,62.32,14.35,7.30
2023-01-13,AQ021,5.51,70.06,6.78,3.80
2023-01-13,AQ022,34.75,19.75,16.28,11.19
2023-01-13,AQ023,43.03,10.99,25.84,18.09
2023-01-13,AQ024,18.94,42.41,12.40,9.63
2023-01-13,AQ025,56.31,2.27,64.42,56.05
2023-01-13,AQ026,16.05,42.35,11.05,7.32
2023-01-13,AQ027,8.49,68.16,3.89,2.60
2023-01-13,AQ028,40.28,26.71,22.65,18.69
2023-01-13,AQ029,5.66,62.53,8.02,6.80
2023-01-13,AQ030,25.47,31.63,11.85,10.60
2023-01-13,AQ031,16.24,62.65,12.15,6.69
2023-01-13,AQ032,9.27,38.78,24.09,20.66
2023-01-13,AQ033,11.31,56.94,6.00,4.43
2023-01-13,AQ034,15.12,17.62,24.31,20.05
2023-01-13,AQ035,3.68,70.28,4.11,2.35
2023-01-13,AQ036,9.98,37.70,13.03,9.57
2023-01-13,AQ037,28.96,12.94,24.06,19.11
2023-01-13,AQ038,9.91,46.19,39.24,35.48
2023-01-13,AQ039,20.59,19.15,41.46,25.44
2023-01-13,AQ040,18.68,22.13,24.68,22.20
2023-01-13,AQ041,8.20,53.50,6.46,4.53
2023-01-13,AQ042,9.98,41.08,5.63,4.22
2023-01-13,AQ043,16.57,34.32,23.75,20.98
2023-01-13,AQ044,44.45,7.27,61.46,58.42
2023-01-13,AQ045,24.90,28.57,16.72,11.05
2023-01-13,AQ046,15.88,53.87,7.58,4.61
2023-01-13,AQ047,31.54,23.42,16.98,12.56
2023-01-13,AQ048,8.94,43.04,16.93,14.12
2023-01-13,AQ049,20.69,33.35,15.50,13.34
2023-01-13,AQ050,20.37,17.30,37.61,31.77
2023-01-14,AQ001,10.27,58.22,11.04,4.57
2023-01-14,AQ002,31.05,36.30,43.82,34.62
2023-01-14,AQ003,34.67,26.83,28.15,15.64
2023-01-14,AQ004,31.47,30.00,24.10,18.52
2023-01-14,AQ005,22.99,13.36,43.66,36.08
2023-01-14,AQ006,7.97,58.67,6.55,4.44
2023-01-14,AQ007,7.60,58.42,5.90,3.90
2023-01-14,AQ008,3.34,71.54,11.88,3.94
2023-01-14,AQ009,11.67,51.28,10.21,7.78
2023-01-14,AQ010,7.21,58.65,7.95,4.18
2023-01-14,AQ011,21.35,20.77,30.40,26.20
2023-01-14,AQ012,24.08,20.26,27.54,25.21
2023-01-14,AQ013,9.99,57.50,8.76,3.93
2023-01-14,AQ014,6.15,61.81,9.09,4.33
2023-01-14,AQ015,4.12,72.75,7.38,2.62
2023-01-14,AQ016,12.41,55.67,7.70,3.83
2023-01-14,AQ017,7.44,53.46,6.55,3.57
2023-01-14,AQ018,34.64,14.44,30.76,23.85
2023-01-14,AQ019,25.17,35.30,35.22,32.76
2023-01-14,AQ020,9.85,57.58,7.58,4.08
2023-01-14,AQ021,4.83,60.20,6.84,3.73
2023-01-14,AQ022,27.83,23.49,16.32,11.84
2023-01-14,AQ023,39.98,8.31,27.94,21.49
2023-01-14,AQ024,21.32,45.37,14.35,10.17
2023-01-14,AQ025,44.37,9.56,47.76,42.95
2023-01-14,AQ026,13.43,52.38,9.51,6.44
2023-01-14,AQ027,13.14,55.60,5.21,3.72
2023-01-14,AQ028,34.53,32.08,23.35,18.82
2023-01-14,AQ029,3.60,63.71,4.90,3.79
2023-01-14,AQ030,13.43,36.84,6.49,5.44
2023-01-14,AQ031,11.44,59.47,7.25,4.39
2023-01-14,AQ032,7.36,41.57,20.80,16.60
2023-01-14,AQ033,7.66,61.83,7.56,4.83
2023-01-14,AQ034,14.72,16.63,26.70,21.62
2023-01-14,AQ035,7.08,68.08,4.04,3.00
2023-01-14,AQ036,6.70,49.22,11.21,7.25
2023-01-14,AQ037,23.94,18.25,18.52,15.38
2023-01-14,AQ038,10.58,42.35,36.37,33.00
2023-01-14,AQ039,22.11,15.16,52.51,32.56
2023-01-14,AQ040,19.85,24.43,30.79,26.90
2023-01-14,AQ041,7.13,48.33,5.33,3.95
2023-01-14,AQ042,5.49,51.25,6.18,4.03
2023-01-14,AQ043,14.40,36.25,21.48,19.22
2023-01-14,AQ044,39.02,9.40,44.93,39.92
2023-01-14,AQ045,16.91,36.27,12.04,9.27
2023-01-14,AQ046,8.27,67.56,10.80,4.62
2023-01-14,AQ047,13.30,59.60,7.38,5.46
2023-01-14,AQ048,9.30,48.44,15.54,11.34
2023-01-14,AQ049,16.31,42.78,17.66,14.73
2023-01-14,AQ050,18.25,30.12,27.95,25.43
2023-01-15,AQ001,8.06,69.74,11.02,4.88
2023-01-15,AQ002,29.09,38.02,42.79,34.09
2023-01-15,AQ003,22.11,36.46,22.21,12.54
2023-01-15,AQ004,21.12,40.69,13.34,10.65
2023-01-15,AQ005,15.29,38.22,27.19,21.98
2023-01-15,AQ006,6.63,66.83,3.63,2.38
2023-01-15,AQ007,4.29,64.93,2.57,1.93
2023-01-15,AQ008,2.58,76.05,11.25,4.12
2023-01-15,AQ009,9.57,46.08,14.01,11.02
2023-01-15,AQ010,5.87,68.50,6.00,3.05
2023-01-15,AQ011,23.94,19.14,31.04,27.81
2023-01-15,AQ012,13.90,38.59,19.15,17.04
2023-01-15,AQ013,7.79,72.18,5.29,2.90
2023-01-15,AQ014,4.36,68.81,8.54,3.59
2023-01-15,AQ015,8.75,63.18,7.84,3.58
2023-01-15,AQ016,8.74,69.11,6.45,3.59
2023-01-15,AQ017,5.88,56.67,5.56,2.92
2023-01-15,AQ018,17.26,48.05,19.00,11.57
2023-01-15,AQ019,18.15,44.50,25.04,21.99
2023-01-15,AQ020,14.01,54.10,9.22,5.10
2023-01-15,AQ021,3.20,73.80,4.58,2.78
2023-01-15,AQ022,16.91,45.90,7.63,5.46
2023-01-15,AQ023,18.42,36.91,11.69,8.98
2023-01-15,AQ024,13.73,49.51,14.46,10.82
2023-01-15,AQ025,43.16,1.79,69.04,58.73
2023-01-15,AQ026,12.03,50.17,10.05,7.46
2023-01-15,AQ027,8.45,65.21,3.44,2.86
2023-01-15,AQ028,24.86,50.84,17.94,13.84
2023-01-15,AQ029,4.65,58.72,6.78,5.38
2023-01-15,AQ030,14.22,38.94,6.91,6.31
2023-01-15,AQ031,8.71,70.64,7.10,3.90
2023-01-15,AQ032,6.48,50.28,17.47,18.84
2023-01-15,AQ033,6.66,66.60,4.43,3.59
2023-01-15,AQ034,12.49,24.39,22.62,18.11
2023-01-15,AQ035,8.37,67.57,3.45,2.60
2023-01-15,AQ036,5.51,53.22,10.41,7.69
2023-01-15,AQ037,17.50,34.22,15.73,12.07
2023-01-15,AQ038,5.74,60.33,21.24,18.51
2023-01-15,AQ039,18.56,22.24,44.04,29.39
2023-01-15,AQ040,16.49,31.12,26.74,22.53
2023-01-15,AQ041,3.97,64.80,4.43,3.04
2023-01-15,AQ042,4.57,55.30,5.08,3.50
2023-01-15,AQ043,9.74,49.79,16.14,14.32
2023-01-15,AQ044,31.89,14.31,43.30,40.16
2023-01-15,AQ045,8.97,53.25,8.06,6.09
2023-01-15,AQ046,8.18,74.98,8.25,4.51
2023-01-15,AQ047,16.25,45.08,10.45,8.86
2023-01-15,AQ048,5.23,59.85,11.30,8.10
2023-01-15,AQ049,10.10,52.93,12.63,11.61
2023-01-15,AQ050,9.62,51.42,13.86,12.26
2023-01-16,AQ001,16.40,51.29,5.99,4.01
2023-01-16,AQ002,27.65,37.78,37.11,28.43
2023-01-16,AQ003,27.18,36.38,26.66,13.85
2023-01-16,AQ004,13.59,59.45,9.88,5.71
2023-01-16,AQ005,14.68,39.58,19.67,15.60
2023-01-16,AQ006,12.85,52.96,6.43,4.31
2023-01-16,AQ007,6.69,61.48,3.24,2.07
2023-01-16,AQ008,3.71,69.23,8.09,3.04
2023-01-16,AQ009,14.39,45.00,8.73,6.72
2023-01-16,AQ010,11.01,60.71,4.52,2.80
2023-01-16,AQ011,32.99,11.10,31.56,26.54
2023-01-16,AQ012,20.58,20.02,22.42,20.92
2023-01-16,AQ013,13.19,56.81,4.91,3.09
2023-01-16,AQ014,8.12,54.50,8.43,4.35
2023-01-16,AQ015,24.89,43.20,12.70,8.19
2023-01-16,AQ016,16.30,51.63,5.25,3.25
2023-01-16,AQ017,7.29,64.49,6.88,2.84
2023-01-16,AQ018,9.49,74.22,15.67,8.07
2023-01-16,AQ019,30.68,51.73,16.08,17.46
2023-01-16,AQ020,26.24,40.03,9.76,7.27
2023-01-16,AQ021,5.21,63.94,4.72,3.15
2023-01-16,AQ022,18.04,46.95,7.38,5.37
2023-01-16,AQ023,9.66,61.41,6.36,3.36
2023-01-16,AQ024,11.89,62.12,8.02,4.15
2023-01-16,AQ025,37.76,3.75,48.57,42.23
2023-01-16,AQ026,9.32,61.90,5.75,2.98
2023-01-16,AQ027,18.76,46.68,5.10,3.35
2023-01-16,AQ028,9.80,70.20,11.48,5.80
2023-01-16,AQ029,5.61,61.93,7.97,5.41
2023-01-16,AQ030,28.35,30.82,12.44,12.76
2023-01-16,AQ031,17.81,58.11,6.99,4.86
2023-01-16,AQ032,7.42,51.98,13.79,14.17
2023-01-16,AQ033,12.84,57.67,5.55,3.87
2023-01-16,AQ034,11.78,31.48,15.43,12.67
2023-01-16,AQ035,6.71,71.95,3.96,2.61
2023-01-16,AQ036,8.11,52.63,11.88,7.63
2023-01-16,AQ037,9.20,60.90,11.35,5.66
2023-01-16,AQ038,5.34,55.05,15.15,13.23
2023-01-16,AQ039,20.59,26.56,44.64,26.21
2023-01-16,AQ040,19.11,31.14,26.14,16.39
2023-01-16,AQ041,7.22,57.56,5.05,3.14
2023-01-16,AQ042,5.11,61.95,5.60,3.08
2023-01-16,AQ043,6.71,61.19,9.88,8.45
2023-01-16,AQ044,31.27,11.58,39.41,36.49
2023-01-16,AQ045,6.18,65.46,7.79,4.00
2023-01-16,AQ046,6.33,80.04,12.11,5.91
2023-01-16,AQ047,17.53,54.86,6.74,5.05
2023-01-16,AQ048,8.69,59.48,11.77,8.84
2023-01-16,AQ049,20.70,33.68,21.12,17.96
2023-01-16,AQ050,13.74,55.19,15.11,13.11
2023-01-17,AQ001,29.58,37.33,10.50,5.78
2023-01-17,AQ002,17.74,45.99,19.92,14.79
2023-01-17,AQ003,12.00,71.06,23.54,8.67
2023-01-17,AQ004,8.14,73.16,8.01,4.05
2023-01-17,AQ005,11.93,46.61,9.97,7.50
2023-01-17,AQ006,22.30,41.38,8.33,5.62
2023-01-17,AQ007,15.02,46.39,5.35,4.10
2023-01-17,AQ008,12.37,44.56,14.35,9.67
2023-01-17,AQ009,14.60,43.33,10.32,8.59
2023-01-17,AQ010,39.78,24.96,17.67,11.95
2023-01-17,AQ011,30.24,15.90,31.59,24.28
2023-01-17,AQ012,14.20,46.62,11.15,10.40
2023-01-17,AQ013,34.85,33.68,15.46,8.92
2023-01-17,AQ014,8.38,51.08,7.60,5.07
2023-01-17,AQ015,20.40,40.45,12.22,8.48
2023-01-17,AQ016,18.38,47.28,7.41,4.95
2023-01-17,AQ017,7.33,43.94,6.62,4.26
2023-01-17,AQ018,6.12,83.33,16.29,6.49
2023-01-17,AQ019,29.55,42.46,21.01,20.03
2023-01-17,AQ020,59.49,5.61,21.83,15.62
2023-01-17,AQ021,14.30,44.27,9.55,7.30
2023-01-17,AQ022,21.39,41.53,6.45,5.05
2023-01-17,AQ023,7.14,72.21,5.14,2.64
2023-01-17,AQ024,12.53,60.84,5.70,3.35
2023-01-17,AQ025,36.92,4.23,32.23,28.99
2023-01-17,AQ026,11.87,60.65,5.07,3.17
2023-01-17,AQ027,19.77,48.14,6.87,4.69
2023-01-17,AQ028,6.68,72.06,14.76,5.74
2023-01-17,AQ029,6.68,55.44,10.69,8.34
2023-01-17,AQ030,11.28,50.81,5.95,4.82
2023-01-17,AQ031,37.81,22.95,15.67,12.45
2023-01-17,AQ032,4.45,63.36,6.03,4.85
2023-01-17,AQ033,18.31,47.15,11.19,8.48
2023-01-17,AQ034,9.80,42.59,7.49,5.07
2023-01-17,AQ035,4.67,66.69,4.40,2.74
2023-01-17,AQ036,7.62,43.57,14.54,11.31
2023-01-17,AQ037,8.35,62.50,9.08,4.59
2023-01-17,AQ038,3.75,59.57,7.65,6.50
2023-01-17,AQ039,15.30,38.40,21.92,11.83
2023-01-17,AQ040,12.10,46.62,13.38,9.03
2023-01-17,AQ041,6.91,48.97,6.67,5.20
2023-01-17,AQ042,6.79,40.56,7.07,5.19
2023-01-17,AQ043,5.88,67.06,7.77,5.97
2023-01-17,AQ044,32.03,12.32,36.41,33.89
2023-01-17,AQ045,4.58,77.90,7.51,3.52
2023-01-17,AQ046,3.37,75.76,57.86,16.57
2023-01-17,AQ047,22.24,39.02,12.18,9.56
2023-01-17,AQ048,7.86,47.53,13.66,10.77
2023-01-17,AQ049,26.61,22.46,29.41,25.00
2023-01-17,AQ050,14.30,47.58,14.38,12.19
2023-01-18,AQ001,27.73,37.02,10.55,6.34
2023-01-18,AQ002,17.51,43.96,17.79,13.01
2023-01-18,AQ003,8.76,70.22,38.62,12.72
2023-01-18,AQ004,9.71,69.63,8.31,5.10
2023-01-18,AQ005,15.24,55.28,10.56,8.57
2023-01-18,AQ006,35.70,10.42,19.61,14.77
2023-01-18,AQ007,13.66,49.86,7.35,5.65
2023-01-18,AQ008,9.56,50.56,10.42,6.18
2023-01-18,AQ009,19.46,36.30,9.03,7.43
2023-01-18,AQ010,34.85,18.52,22.02,17.41
2023-01-18,AQ011,18.18,40.15,21.40,13.36
2023-01-18,AQ012,20.15,37.96,13.68,12.50
2023-01-18,AQ013,38.70,13.97,24.51,16.85
2023-01-18,AQ014,12.58,44.98,9.29,6.55
2023-01-18,AQ015,12.51,54.16,6.53,4.34
2023-01-18,AQ016,35.86,18.06,20.72,15.65
2023-01-18,AQ017,12.40,34.41,7.74,6.20
2023-01-18,AQ018,10.74,71.03,14.50,6.84
2023-01-18,AQ019,35.85,30.73,31.77,33.98
2023-01-18,AQ020,38.23,16.42,12.47,8.54
2023-01-18,AQ021,19.10,34.72,14.96,11.34
2023-01-18,AQ022,21.85,32.63,11.36,9.06
2023-01-18,AQ023,11.87,65.09,5.61,3.47
2023-01-18,AQ024,10.84,58.02,6.82,4.53
2023-01-18,AQ025,41.27,5.17,44.70,39.77
2023-01-18,AQ026,12.30,60.70,6.61,3.56
2023-01-18,AQ027,17.02,46.50,7.15,5.87
2023-01-18,AQ028,9.89,71.51,10.81,4.55
2023-01-18,AQ029,6.23,65.47,8.89,6.97
2023-01-18,AQ030,21.28,22.97,9.37,9.64
2023-01-18,AQ031,34.37,31.48,15.94,12.33
2023-01-18,AQ032,4.55,67.51,10.55,8.70
2023-01-18,AQ033,21.79,24.81,20.39,17.73
2023-01-18,AQ034,11.32,45.69,12.39,7.57
2023-01-18,AQ035,13.84,61.33,6.15,3.72
2023-01-18,AQ036,11.62,32.07,18.52,14.19
2023-01-18,AQ037,18.14,53.04,11.73,6.78
2023-01-18,AQ038,3.45,66.25,8.82,6.82
2023-01-18,AQ039,15.21,41.54,31.19,16.26
2023-01-18,AQ040,8.67,57.39,23.39,13.06
2023-01-18,AQ041,7.40,52.77,6.09,3.58
2023-01-18,AQ042,11.05,33.76,8.37,7.28
2023-01-18,AQ043,5.63,69.91,18.63,13.66
2023-01-18,AQ044,35.01,10.01,45.18,41.74
2023-01-18,AQ045,5.66,74.50,4.30,2.63
2023-01-18,AQ046,3.71,72.10,54.84,17.68
2023-01-18,AQ047,27.59,35.75,12.93,9.73
2023-01-18,AQ048,9.55,46.50,10.70,9.19
2023-01-18,AQ049,23.71,22.51,26.57,22.84
2023-01-18,AQ050,18.59,41.79,18.98,17.05
2023-01-19,AQ001,18.95,52.18,11.01,5.45
2023-01-19,AQ002,22.10,42.64,23.54,16.53
2023-01-19,AQ003,8.88,72.54,29.37,10.48
2023-01-19,AQ004,9.15,63.35,7.62,4.89
2023-01-19,AQ005,13.38,48.31,11.82,9.73
2023-01-19,AQ006,28.53,19.97,19.48,16.12
2023-01-19,AQ007,17.15,44.67,10.69,8.73
2023-01-19,AQ008,9.70,48.55,11.92,7.80
2023-01-19,AQ009,12.19,39.59,12.22,10.40
2023-01-19,AQ010,26.08,23.92,19.29,14.88
2023-01-19,AQ011,13.91,45.37,30.43,14.39
2023-01-19,AQ012,16.10,36.96,12.47,11.81
2023-01-19,AQ013,28.66,27.17,14.88,10.78
2023-01-19,AQ014,14.08,37.83,11.59,9.12
2023-01-19,AQ015,22.76,39.02,12.25,7.88
2023-01-19,AQ016,24.43,33.60,15.48,10.41
2023-01-19,AQ017,11.32,35.21,5.71,3.94
2023-01-19,AQ018,21.55,47.88,17.07,10.24
2023-01-19,AQ019,30.55,35.54,20.25,20.56
2023-01-19,AQ020,42.13,14.47,14.02,9.83
2023-01-19,AQ021,15.32,37.17,13.72,11.05
2023-01-19,AQ022,37.89,14.57,21.87,17.13
2023-01-19,AQ023,12.94,56.70,7.28,3.66
2023-01-19,AQ024,9.89,58.66,7.06,5.41
2023-01-19,AQ025,40.60,20.68,25.55,22.12
2023-01-19,AQ026,12.86,57.79,6.64,4.19
2023-01-19,AQ027,20.32,39.67,13.04,10.58
2023-01-19,AQ028,17.22,56.18,9.35,4.07
2023-01-19,AQ029,7.48,66.90,11.22,9.32
2023-01-19,AQ030,23.85,11.87,15.05,13.77
2023-01-19,AQ031,34.43,23.27,16.33,12.72
2023-01-19,AQ032,5.50,62.04,10.80,9.02
2023-01-19,AQ033,23.59,34.08,17.33,14.34
2023-01-19,AQ034,13.89,38.18,19.74,12.00
2023-01-19,AQ035,7.05,63.16,4.35,2.98
2023-01-19,AQ036,15.72,34.13,20.06,15.12
2023-01-19,AQ037,26.12,34.88,11.49,8.27
2023-01-19,AQ038,6.08,56.71,15.15,14.37
2023-01-19,AQ039,15.02,40.91,44.93,23.24
2023-01-19,AQ040,7.98,58.32,42.22,17.69
2023-01-19,AQ041,16.49,30.97,11.44,7.38
2023-01-19,AQ042,10.51,37.27,6.63,4.69
2023-01-19,AQ043,6.66,64.98,19.39,10.19
2023-01-19,AQ044,29.66,18.63,30.98,27.70
2023-01-19,AQ045,5.86,67.52,5.28,3.06
2023-01-19,AQ046,7.86,70.76,9.98,3.34
2023-01-19,AQ047,14.80,40.05,14.92,12.19
2023-01-19,AQ048,13.51,43.27,11.34,8.60
2023-01-19,AQ049,27.84,16.52,33.71,29.29
2023-01-19,AQ050,20.40,36.58,21.12,18.84
2023-01-20,AQ001,32.84,21.15,17.75,14.73
2023-01-20,AQ002,21.32,43.01,25.16,19.30
2023-01-20,AQ003,18.14,58.38,18.18,7.49
2023-01-20,AQ004,22.47,47.48,10.78,8.09
2023-01-20,AQ005,17.54,22.70,21.44,17.11
2023-01-20,AQ006,25.77,25.37,26.73,20.71
2023-01-20,AQ007,20.83,39.30,13.10,9.78
2023-01-20,AQ008,6.39,53.54,12.79,5.84
2023-01-20,AQ009,14.94,36.81,18.79,15.25
2023-01-20,AQ010,26.63,27.35,15.85,12.26
2023-01-20,AQ011,15.40,41.99,16.16,11.29
2023-01-20,AQ012,20.18,24.52,17.71,16.96
2023-01-20,AQ013,32.96,22.59,15.67,12.21
2023-01-20,AQ014,26.14,34.36,7.69,6.09
2023-01-20,AQ015,26.68,40.34,14.03,9.87
2023-01-20,AQ016,31.71,25.52,22.23,16.49
2023-01-20,AQ017,36.62,7.61,16.44,10.51
2023-01-20,AQ018,14.42,61.92,9.72,6.81
2023-01-20,AQ019,24.20,39.44,20.16,20.85
2023-01-20,AQ020,32.30,28.26,11.88,7.77
2023-01-20,AQ021,17.19,32.59,13.25,11.26
2023-01-20,AQ022,24.98,24.46,20.51,14.89
2023-01-20,AQ023,28.27,43.24,8.44,5.04
2023-01-20,AQ024,8.31,57.74,8.04,5.82
2023-01-20,AQ025,40.29,17.20,33.99,29.91
2023-01-20,AQ026,11.88,60.08,7.56,4.57
2023-01-20,AQ027,25.86,29.94,16.69,13.66
2023-01-20,AQ028,20.06,50.64,8.16,5.08
2023-01-20,AQ029,7.82,63.82,18.44,14.64
2023-01-20,AQ030,22.41,30.58,13.79,11.43
2023-01-20,AQ031,35.83,28.00,15.15,12.37
2023-01-20,AQ032,6.91,53.90,11.43,9.39
2023-01-20,AQ033,30.98,18.85,31.51,24.40
2023-01-20,AQ034,14.90,30.58,10.89,9.00
2023-01-20,AQ035,2.98,72.14,4.59,1.82
2023-01-20,AQ036,15.60,36.18,19.71,14.72
2023-01-20,AQ037,24.38,32.37,14.12,11.56
2023-01-20,AQ038,9.63,37.03,21.87,20.12
2023-01-20,AQ039,18.68,36.11,28.31,19.31
2023-01-20,AQ040,14.56,42.41,15.09,12.30
2023-01-20,AQ041,25.37,24.05,14.20,9.88
2023-01-20,AQ042,33.32,15.30,15.53,12.39
2023-01-20,AQ043,7.74,59.36,7.80,5.26
2023-01-20,AQ044,38.35,16.74,39.59,35.92
2023-01-20,AQ045,12.33,58.87,7.49,4.60
2023-01-20,AQ046,4.42,72.48,15.93,4.25
2023-01-20,AQ047,17.08,38.26,19.29,15.65
2023-01-20,AQ048,10.72,52.76,8.52,6.43
2023-01-20,AQ049,20.61,30.36,27.00,22.33
2023-01-20,AQ050,14.59,37.22,24.29,20.44
2023-01-21,AQ001,21.15,28.42,22.15,19.17
2023-01-21,AQ002,22.46,40.95,28.63,22.07
2023-01-21,AQ003,12.25,64.39,35.41,12.28
2023-01-21,AQ004,14.63,62.21,10.38,7.83
2023-01-21,AQ005,17.64,21.12,26.86,21.03
2023-01-21,AQ006,7.13,53.31,11.37,9.01
2023-01-21,AQ007,14.96,40.67,13.49,10.29
2023-01-21,AQ008,5.13,53.30,10.24,5.96
2023-01-21,AQ009,10.60,40.82,10.94,9.39
2023-01-21,AQ010,29.80,18.60,31.38,26.30
2023-01-21,AQ011,13.87,32.04,17.00,13.20
2023-01-21,AQ012,19.65,21.18,19.22,18.31
2023-01-21,AQ013,32.62,21.84,20.88,18.35
2023-01-21,AQ014,9.62,38.98,5.71,5.28
2023-01-21,AQ015,10.79,58.90,7.19,5.13
2023-01-21,AQ016,16.25,31.82,15.34,12.14
2023-01-21,AQ017,30.06,16.02,13.86,9.27
2023-01-21,AQ018,8.51,69.21,7.85,5.27
2023-01-21,AQ019,19.34,43.91,17.05,15.74
2023-01-21,AQ020,39.00,12.66,23.09,16.89
2023-01-21,AQ021,11.20,47.69,11.94,11.00
2023-01-21,AQ022,13.16,42.31,11.33,9.70
2023-01-21,AQ023,23.17,41.18,8.76,5.45
2023-01-21,AQ024,9.30,57.85,8.50,6.87
2023-01-21,AQ025,29.39,34.18,10.61,8.71
2023-01-21,AQ026,11.05,63.22,7.04,4.23
2023-01-21,AQ027,19.65,35.33,14.42,12.12
2023-01-21,AQ028,23.42,41.39,8.15,6.89
2023-01-21,AQ029,6.96,64.64,19.86,15.49
2023-01-21,AQ030,30.33,27.72,27.63,25.19
2023-01-21,AQ031,24.71,34.21,22.16,18.34
2023-01-21,AQ032,6.83,48.98,9.47,8.87
2023-01-21,AQ033,13.73,44.72,10.68,9.14
2023-01-21,AQ034,12.97,38.14,12.21,8.78
2023-01-21,AQ035,5.79,70.18,10.91,4.61
2023-01-21,AQ036,7.80,47.88,11.83,8.18
2023-01-21,AQ037,10.17,48.07,7.90,6.40
2023-01-21,AQ038,11.75,28.54,23.86,19.18
2023-01-21,AQ039,20.62,31.81,25.37,18.40
2023-01-21,AQ040,17.09,32.49,16.08,13.10
2023-01-21,AQ041,15.41,39.91,9.79,9.84
2023-01-21,AQ042,27.41,19.17,13.58,11.10
2023-01-21,AQ043,5.58,61.10,7.46,4.83
2023-01-21,AQ044,32.85,24.76,30.77,26.15
2023-01-21,AQ045,12.01,54.48,8.41,5.36
2023-01-21,AQ046,4.33,71.97,12.99,3.96
2023-01-21,AQ047,12.01,42.71,10.19,8.46
2023-01-21,AQ048,4.54,46.37,8.31,5.84
2023-01-21,AQ049,10.14,35.67,13.58,11.80
2023-01-21,AQ050,9.00,42.77,12.93,11.40
2023-01-22,AQ001,11.33,44.19,10.95,8.45
2023-01-22,AQ002,32.38,32.69,44.89,34.51
2023-01-22,AQ003,22.12,47.94,29.83,12.50
2023-01-22,AQ004,17.75,53.32,11.78,9.51
2023-01-22,AQ005,17.17,21.87,33.95,26.33
2023-01-22,AQ006,7.64,32.97,11.02,9.84
2023-01-22,AQ007,10.99,41.36,10.62,8.72
2023-01-22,AQ008,6.79,49.43,8.04,5.87
2023-01-22,AQ009,14.27,28.92,15.21,13.63
2023-01-22,AQ010,21.79,27.69,19.42,16.04
2023-01-22,AQ011,9.25,39.59,18.02,13.63
2023-01-22,AQ012,16.94,25.95,19.88,19.95
2023-01-22,AQ013,22.68,26.57,14.97,12.99
2023-01-22,AQ014,6.22,49.91,4.35,3.71
2023-01-22,AQ015,12.80,53.46,4.59,3.75
2023-01-22,AQ016,9.08,48.96,6.85,4.04
2023-01-22,AQ017,15.09,44.67,7.46,5.01
2023-01-22,AQ018,13.05,56.74,7.70,5.61
2023-01-22,AQ019,14.23,41.43,13.09,12.65
2023-01-22,AQ020,50.94,2.34,42.84,36.87
2023-01-22,AQ021,12.00,37.52,12.66,12.11
2023-01-22,AQ022,8.95,41.19,12.85,11.76
2023-01-22,AQ023,16.17,55.08,6.84,4.69
2023-01-22,AQ024,15.98,40.17,12.46,11.51
2023-01-22,AQ025,43.59,12.28,29.80,24.91
2023-01-22,AQ026,10.86,58.90,6.14,4.98
2023-01-22,AQ027,23.82,28.54,12.87,11.36
2023-01-22,AQ028,31.26,34.65,13.95,11.76
2023-01-22,AQ029,6.05,66.53,22.24,15.89
2023-01-22,AQ030,30.26,23.63,23.49,21.32
2023-01-22,AQ031,21.89,35.41,22.38,19.27
2023-01-22,AQ032,6.52,51.23,15.16,13.22
2023-01-22,AQ033,19.23,23.21,18.05,16.04
2023-01-22,AQ034,12.65,36.43,17.42,11.80
2023-01-22,AQ035,0.84,88.29,13.99,5.94
2023-01-22,AQ036,9.41,47.19,14.19,11.01
2023-01-22,AQ037,24.28,26.13,15.55,13.87
2023-01-22,AQ038,10.12,34.76,27.95,23.79
2023-01-22,AQ039,19.33,30.77,33.38,24.49
2023-01-22,AQ040,16.01,32.98,17.48,15.33
2023-01-22,AQ041,14.02,39.63,10.80,9.64
2023-01-22,AQ042,16.30,39.10,7.64,6.12
2023-01-22,AQ043,6.87,59.42,12.93,9.18
2023-01-22,AQ044,34.15,20.18,39.01,36.02
2023-01-22,AQ045,8.14,65.70,5.84,4.21
2023-01-22,AQ046,5.68,69.30,6.70,2.85
2023-01-22,AQ047,13.96,33.58,14.01,12.61
2023-01-22,AQ048,5.60,47.77,10.90,9.70
2023-01-22,AQ049,10.25,27.40,21.39,18.69
2023-01-22,AQ050,8.44,41.25,10.86,9.89
2023-01-23,AQ001,15.71,28.44,14.16,11.07
2023-01-23,AQ002,46.35,22.33,78.72,62.45
2023-01-23,AQ003,25.83,48.97,35.21,12.45
2023-01-23,AQ004,35.35,34.96,22.48,19.03
2023-01-23,AQ005,11.70,37.45,13.29,10.53
2023-01-23,AQ006,13.80,20.83,20.14,17.75
2023-01-23,AQ007,13.93,35.52,13.43,11.13
2023-01-23,AQ008,5.32,55.20,6.44,4.93
2023-01-23,AQ009,19.27,23.08,18.87,15.83
2023-01-23,AQ010,25.31,14.27,23.87,19.94
2023-01-23,AQ011,7.42,37.81,19.73,15.38
2023-01-23,AQ012,20.38,31.51,19.92,18.54
2023-01-23,AQ013,25.00,18.84,14.65,12.94
2023-01-23,AQ014,17.62,39.29,7.60,5.70
2023-01-23,AQ015,26.55,33.05,6.55,4.84
2023-01-23,AQ016,21.82,18.58,14.13,11.42
2023-01-23,AQ017,10.34,51.05,4.99,2.72
2023-01-23,AQ018,22.17,48.84,11.45,7.90
2023-01-23,AQ019,24.19,35.41,16.35,15.49
2023-01-23,AQ020,55.78,3.03,37.79,31.62
2023-01-23,AQ021,11.13,32.63,10.62,9.06
2023-01-23,AQ022,13.07,29.58,13.76,11.87
2023-01-23,AQ023,27.07,38.79,13.22,8.57
2023-01-23,AQ024,22.18,27.51,18.37,16.30
2023-01-23,AQ025,56.68,3.65,45.38,37.16
2023-01-23,AQ026,15.02,46.97,7.58,5.98
2023-01-23,AQ027,23.95,18.05,24.52,18.93
2023-01-23,AQ028,32.40,31.54,13.14,10.90
2023-01-23,AQ029,7.34,67.75,30.79,21.14
2023-01-23,AQ030,23.89,33.76,17.15,15.12
2023-01-23,AQ031,25.10,21.63,22.18,19.18
2023-01-23,AQ032,6.82,47.47,15.28,14.54
2023-01-23,AQ033,22.27,15.10,23.70,18.84
2023-01-23,AQ034,11.58,39.99,9.79,7.45
2023-01-23,AQ035,10.56,72.99,11.62,6.71
2023-01-23,AQ036,21.60,38.48,25.69,21.66
2023-01-23,AQ037,27.49,21.75,15.23,14.25
2023-01-23,AQ038,7.30,46.66,27.55,24.66
2023-01-23,AQ039,16.57,39.99,20.80,16.36
2023-01-23,AQ040,10.55,46.62,13.20,10.55
2023-01-23,AQ041,7.45,48.03,10.17,6.80
2023-01-23,AQ042,13.80,46.50,8.27,6.89
2023-01-23,AQ043,12.35,49.56,11.56,11.44
2023-01-23,AQ044,41.07,11.27,45.68,39.48
2023-01-23,AQ045,15.93,50.23,11.04,7.35
2023-01-23,AQ046,12.30,63.72,5.91,3.16
2023-01-23,AQ047,21.95,19.57,20.76,17.84
2023-01-23,AQ048,9.01,47.92,14.09,11.93
2023-01-23,AQ049,17.74,13.26,30.80,26.77
2023-01-23,AQ050,10.57,34.40,12.47,11.14
2023-01-24,AQ001,13.43,36.73,17.64,14.17
2023-01-24,AQ002,51.05,16.79,100.13,77.64
2023-01-24,AQ003,37.66,44.51,31.16,15.49
2023-01-24,AQ004,24.45,38.71,25.76,21.89
2023-01-24,AQ005,12.95,35.45,13.36,11.92
2023-01-24,AQ006,19.11,23.72,24.84,21.38
2023-01-24,AQ007,17.07,29.36,15.53,13.14
2023-01-24,AQ008,6.70,57.05,10.54,8.19
2023-01-24,AQ009,18.67,23.73,20.25,16.42
2023-01-24,AQ010,26.66,21.85,25.87,21.51
2023-01-24,AQ011,10.95,39.45,22.27,19.76
2023-01-24,AQ012,33.02,16.40,36.05,31.67
2023-01-24,AQ013,20.61,36.64,13.63,11.87
2023-01-24,AQ014,14.69,43.10,10.79,10.14
2023-01-24,AQ015,28.42,29.60,6.68,4.97
2023-01-24,AQ016,25.28,25.81,17.34,13.34
2023-01-24,AQ017,6.85,49.38,6.12,3.90
2023-01-24,AQ018,18.23,51.94,10.53,7.49
2023-01-24,AQ019,30.65,24.91,26.86,27.16
2023-01-24,AQ020,39.52,15.31,18.98,15.38
2023-01-24,AQ021,11.31,41.76,11.97,10.61
2023-01-24,AQ022,23.28,14.95,21.93,18.17
2023-01-24,AQ023,23.77,31.45,10.19,6.34
2023-01-24,AQ024,23.12,33.96,17.92,17.51
2023-01-24,AQ025,51.29,9.59,43.89,32.93
2023-01-24,AQ026,10.41,53.34,10.20,7.45
2023-01-24,AQ027,18.52,21.41,18.27,13.91
2023-01-24,AQ028,36.91,34.50,18.67,16.78
2023-01-24,AQ029,8.24,66.00,34.55,24.42
2023-01-24,AQ030,33.58,19.86,22.46,18.82
2023-01-24,AQ031,31.21,17.65,25.30,20.92
2023-01-24,AQ032,8.06,43.22,17.77,15.68
2023-01-24,AQ033,21.67,19.11,23.86,17.37
2023-01-24,AQ034,9.61,29.45,8.53,6.83
2023-01-24,AQ035,4.27,71.08,8.15,3.58
2023-01-24,AQ036,7.89,51.41,13.78,9.63
2023-01-24,AQ037,30.02,16.73,21.02,17.01
2023-01-24,AQ038,17.01,22.19,42.82,41.21
2023-01-24,AQ039,24.69,24.90,26.04,21.20
2023-01-24,AQ040,12.77,30.09,13.48,12.91
2023-01-24,AQ041,6.16,47.25,7.03,5.62
2023-01-24,AQ042,6.77,50.59,5.96,4.01
2023-01-24,AQ043,13.31,48.05,14.21,11.88
2023-01-24,AQ044,28.46,26.49,30.48,25.85
2023-01-24,AQ045,16.01,41.17,13.43,10.67
2023-01-24,AQ046,8.47,75.29,6.29,3.24
2023-01-24,AQ047,21.36,23.97,19.42,16.49
2023-01-24,AQ048,11.38,59.01,15.88,13.28
2023-01-24,AQ049,19.28,4.85,40.93,34.52
2023-01-24,AQ050,16.69,23.84,20.76,19.48
2023-01-25,AQ001,34.35,15.21,37.75,33.33
2023-01-25,AQ002,37.01,25.40,68.75,54.75
2023-01-25,AQ003,14.48,48.67,22.25,13.33
2023-01-25,AQ004,23.27,48.29,20.55,17.14
2023-01-25,AQ005,12.83,38.05,17.82,15.79
2023-01-25,AQ006,21.93,20.77,20.64,17.15
2023-01-25,AQ007,16.82,30.41,16.47,13.60
2023-01-25,AQ008,13.28,43.21,20.82,16.88
2023-01-25,AQ009,20.94,28.00,19.99,17.10
2023-01-25,AQ010,37.54,11.75,39.23,31.08
2023-01-25,AQ011,13.84,39.94,23.14,21.25
2023-01-25,AQ012,29.68,14.16,29.82,27.73
2023-01-25,AQ013,34.65,16.08,22.83,18.24
2023-01-25,AQ014,11.19,43.92,16.04,15.15
2023-01-25,AQ015,17.76,50.81,11.17,7.04
2023-01-25,AQ016,23.83,29.93,22.56,18.70
2023-01-25,AQ017,8.44,41.79,5.78,3.03
2023-01-25,AQ018,20.33,38.77,11.85,9.66
2023-01-25,AQ019,17.82,44.25,22.24,21.80
2023-01-25,AQ020,44.45,6.30,27.69,23.82
2023-01-25,AQ021,13.81,31.82,12.48,10.91
2023-01-25,AQ022,22.81,15.14,22.94,20.33
2023-01-25,AQ023,25.40,34.46,11.76,7.81
2023-01-25,AQ024,28.22,24.65,24.34,23.27
2023-01-25,AQ025,47.72,9.39,59.76,55.88
2023-01-25,AQ026,11.82,56.29,11.13,8.38
2023-01-25,AQ027,17.14,31.25,11.42,9.96
2023-01-25,AQ028,22.30,46.99,9.77,8.48
2023-01-25,AQ029,10.64,64.50,30.15,22.75
2023-01-25,AQ030,29.49,16.90,21.02,16.70
2023-01-25,AQ031,33.49,16.28,30.69,27.82
2023-01-25,AQ032,8.69,32.54,17.92,15.53
2023-01-25,AQ033,26.12,22.67,26.78,19.50
2023-01-25,AQ034,7.93,27.50,10.78,9.19
2023-01-25,AQ035,6.61,77.62,8.56,4.39
2023-01-25,AQ036,8.15,46.92,14.62,11.54
2023-01-25,AQ037,23.63,28.75,12.85,11.21
2023-01-25,AQ038,8.42,34.50,22.27,20.38
2023-01-25,AQ039,20.24,17.52,29.20,24.77
2023-01-25,AQ040,14.14,27.66,14.18,13.76
2023-01-25,AQ041,5.33,45.44,5.98,4.60
2023-01-25,AQ042,6.41,45.67,5.01,3.65
2023-01-25,AQ043,9.26,48.08,11.25,10.23
2023-01-25,AQ044,35.93,14.13,53.02,45.41
2023-01-25,AQ045,19.43,39.84,15.41,10.91
2023-01-25,AQ046,16.35,68.08,7.52,4.29
2023-01-25,AQ047,27.30,29.42,20.86,17.21
2023-01-25,AQ048,13.52,53.14,15.45,12.43
2023-01-25,AQ049,25.11,35.66,38.51,32.36
2023-01-25,AQ050,12.84,30.00,23.06,21.53
2023-01-26,AQ001,24.47,45.11,17.75,10.70
2023-01-26,AQ002,22.15,44.19,37.09,29.23
2023-01-26,AQ003,24.45,37.29,21.23,12.96
2023-01-26,AQ004,29.40,31.28,26.12,22.56
2023-01-26,AQ005,12.25,39.13,18.11,16.23
2023-01-26,AQ006,21.39,16.25,15.76,12.83
2023-01-26,AQ007,17.38,29.37,18.80,14.60
2023-01-26,AQ008,3.26,75.75,16.94,4.64
2023-01-26,AQ009,22.37,16.82,27.11,21.21
2023-01-26,AQ010,34.47,22.27,22.20,16.61
2023-01-26,AQ011,12.17,34.45,21.43,17.79
2023-01-26,AQ012,31.71,13.98,34.40,33.20
2023-01-26,AQ013,42.62,4.48,27.53,22.03
2023-01-26,AQ014,14.55,37.07,8.28,6.86
2023-01-26,AQ015,23.19,45.98,15.38,8.20
2023-01-26,AQ016,25.53,20.82,18.29,13.31
2023-01-26,AQ017,9.45,46.25,6.01,3.94
2023-01-26,AQ018,21.42,44.11,19.80,16.61
2023-01-26,AQ019,11.01,54.41,16.48,16.96
2023-01-26,AQ020,19.19,46.39,12.02,7.49
2023-01-26,AQ021,19.16,27.48,12.20,11.26
2023-01-26,AQ022,14.55,31.04,15.37,12.71
2023-01-26,AQ023,26.59,41.22,11.79,8.38
2023-01-26,AQ024,22.75,23.84,25.26,22.30
2023-01-26,AQ025,46.18,12.54,50.55,45.55
2023-01-26,AQ026,13.43,59.56,16.33,11.96
2023-01-26,AQ027,24.36,28.20,13.10,10.59
2023-01-26,AQ028,22.38,48.35,10.37,8.84
2023-01-26,AQ029,6.72,73.57,26.19,20.40
2023-01-26,AQ030,25.67,45.02,11.39,7.56
2023-01-26,AQ031,42.05,12.69,30.80,26.38
2023-01-26,AQ032,8.06,35.39,17.60,15.17
2023-01-26,AQ033,23.38,24.23,22.71,17.64
2023-01-26,AQ034,8.32,27.32,12.85,9.63
2023-01-26,AQ035,2.79,76.96,8.04,4.11
2023-01-26,AQ036,10.28,41.67,20.04,14.48
2023-01-26,AQ037,15.28,39.72,12.39,9.24
2023-01-26,AQ038,8.47,34.54,23.80,22.71
2023-01-26,AQ039,16.15,26.95,19.34,15.69
2023-01-26,AQ040,11.33,34.77,14.17,12.34
2023-01-26,AQ041,8.95,48.43,7.34,3.99
2023-01-26,AQ042,10.27,44.92,5.45,3.95
2023-01-26,AQ043,10.13,47.37,9.46,9.19
2023-01-26,AQ044,32.88,17.00,63.07,53.06
2023-01-26,AQ045,19.20,39.29,13.95,10.20
2023-01-26,AQ046,8.32,71.49,7.91,3.97
2023-01-26,AQ047,32.21,18.59,26.63,21.36
2023-01-26,AQ048,18.43,32.15,31.08,23.59
2023-01-26,AQ049,31.91,22.11,48.64,42.90
2023-01-26,AQ050,8.39,45.11,22.05,19.68
2023-01-27,AQ001,13.54,50.83,7.35,4.55
2023-01-27,AQ002,11.46,56.48,27.10,19.01
2023-01-27,AQ003,32.73,32.34,21.45,11.64
2023-01-27,AQ004,29.38,36.76,25.12,21.08
2023-01-27,AQ005,17.00,27.20,21.66,17.57
2023-01-27,AQ006,14.37,36.70,10.43,7.90
2023-01-27,AQ007,16.50,25.78,13.97,10.82
2023-01-27,AQ008,3.99,74.49,8.18,2.37
2023-01-27,AQ009,17.09,33.79,24.80,21.22
2023-01-27,AQ010,18.21,43.56,10.80,6.84
2023-01-27,AQ011,8.99,46.29,12.50,10.25
2023-01-27,AQ012,23.36,38.92,24.97,23.12
2023-01-27,AQ013,23.62,32.64,10.83,8.29
2023-01-27,AQ014,21.11,37.08,6.50,5.21
2023-01-27,AQ015,29.41,38.66,14.00,8.98
2023-01-27,AQ016,17.89,47.71,5.72,4.10
2023-01-27,AQ017,19.50,36.62,12.95,5.94
2023-01-27,AQ018,15.56,54.39,14.72,12.14
2023-01-27,AQ019,12.66,49.07,16.13,15.70
2023-01-27,AQ020,27.56,40.41,12.45,7.89
2023-01-27,AQ021,11.23,40.47,8.58,7.04
2023-01-27,AQ022,16.39,30.10,15.32,12.69
2023-01-27,AQ023,24.54,44.77,9.62,6.30
2023-01-27,AQ024,27.21,20.51,25.07,22.83
2023-01-27,AQ025,41.92,17.56,54.87,49.50
2023-01-27,AQ026,10.85,59.86,18.05,13.41
2023-01-27,AQ027,24.54,13.28,15.30,13.08
2023-01-27,AQ028,20.88,44.08,14.09,11.56
2023-01-27,AQ029,4.13,78.18,24.48,20.11
2023-01-27,AQ030,37.30,20.19,20.13,15.91
2023-01-27,AQ031,24.78,45.45,13.65,8.75
2023-01-27,AQ032,7.64,36.62,15.93,13.22
2023-01-27,AQ033,18.55,12.51,13.22,10.33
2023-01-27,AQ034,9.92,25.45,11.06,8.76
2023-01-27,AQ035,0.85,82.31,23.93,8.78
2023-01-27,AQ036,15.88,48.97,16.07,12.26
2023-01-27,AQ037,21.68,36.37,15.22,12.26
2023-01-27,AQ038,9.79,37.21,25.86,22.01
2023-01-27,AQ039,16.98,25.58,20.16,16.64
2023-01-27,AQ040,14.28,24.37,16.90,15.25
2023-01-27,AQ041,15.14,40.92,9.42,5.08
2023-01-27,AQ042,21.55,37.85,9.32,6.14
2023-01-27,AQ043,14.02,33.74,15.72,13.93
2023-01-27,AQ044,35.20,13.00,62.92,55.02
2023-01-27,AQ045,18.34,46.79,12.51,8.87
2023-01-27,AQ046,8.97,63.77,7.19,3.75
2023-01-27,AQ047,16.61,38.19,20.27,17.37
2023-01-27,AQ048,16.51,36.55,20.29,14.95
2023-01-27,AQ049,27.33,16.96,45.95,38.80
2023-01-27,AQ050,8.89,46.94,21.41,18.62
2023-01-28,AQ001,38.78,28.06,14.74,10.66
2023-01-28,AQ002,18.20,54.05,20.36,16.29
2023-01-28,AQ003,29.29,39.10,19.32,11.97
2023-01-28,AQ004,22.57,43.06,21.96,18.93
2023-01-28,AQ005,18.37,21.43,30.24,24.43
2023-01-28,AQ006,14.56,49.08,9.00,6.68
2023-01-28,AQ007,14.37,25.29,13.66,11.18
2023-01-28,AQ008,12.05,53.96,15.30,11.49
2023-01-28,AQ009,10.90,44.50,22.91,20.00
2023-01-28,AQ010,23.26,40.06,17.89,13.54
2023-01-28,AQ011,20.76,36.42,20.27,17.70
2023-01-28,AQ012,18.07,36.26,27.50,25.30
2023-01-28,AQ013,30.76,35.70,20.21,15.81
2023-01-28,AQ014,17.39,39.38,11.79,9.70
2023-01-28,AQ015,18.79,42.74,9.12,7.13
2023-01-28,AQ016,26.17,35.02,16.05,11.85
2023-01-28,AQ017,5.94,59.75,4.89,2.33
2023-01-28,AQ018,16.13,57.35,12.57,10.42
2023-01-28,AQ019,18.44,31.85,27.28,25.12
2023-01-28,AQ020,40.64,23.56,19.07,13.84
2023-01-28,AQ021,9.87,49.37,9.40,7.77
2023-01-28,AQ022,14.37,27.34,14.43,12.66
2023-01-28,AQ023,17.78,51.67,7.09,4.76
2023-01-28,AQ024,24.28,19.45,26.61,23.77
2023-01-28,AQ025,49.85,12.49,62.60,54.24
2023-01-28,AQ026,10.23,60.58,15.55,12.40
2023-01-28,AQ027,22.89,13.26,15.16,13.38
2023-01-28,AQ028,14.58,50.77,11.39,9.31
2023-01-28,AQ029,4.27,67.41,23.26,14.64
2023-01-28,AQ030,29.50,32.80,24.90,15.13
2023-01-28,AQ031,24.15,39.00,18.98,15.37
2023-01-28,AQ032,5.85,46.69,13.95,12.21
2023-01-28,AQ033,13.36,42.92,14.58,11.28
2023-01-28,AQ034,10.61,28.85,11.30,9.78
2023-01-28,AQ035,2.88,76.00,9.30,5.12
2023-01-28,AQ036,10.73,53.53,15.83,12.62
2023-01-28,AQ037,20.63,30.41,15.32,12.22
2023-01-28,AQ038,9.64,38.27,34.69,31.05
2023-01-28,AQ039,15.18,32.00,17.80,14.36
2023-01-28,AQ040,9.61,38.04,15.61,13.09
2023-01-28,AQ041,6.37,56.00,5.27,3.54
2023-01-28,AQ042,6.05,55.85,5.65,3.37
2023-01-28,AQ043,11.63,43.51,16.34,15.03
2023-01-28,AQ044,33.94,18.47,66.67,61.44
2023-01-28,AQ045,12.72,54.85,9.12,6.47
2023-01-28,AQ046,9.01,68.25,7.35,4.09
2023-01-28,AQ047,13.42,42.23,20.76,17.79
2023-01-28,AQ048,13.54,56.99,13.70,12.07
2023-01-28,AQ049,17.57,25.59,23.54,20.27
2023-01-28,AQ050,10.98,41.08,24.59,20.33
